{"cameraMode":{"drawMode":0,"name":"Shaded","section":"Shading Mode"},"sceneLighting":true,"audioPlay":false,"sceneViewState":{"m_AlwaysRefresh":false,"showFog":true,"showSkybox":true,"showFlares":true,"showImageEffects":true,"showParticleSystems":true,"showVisualEffectGraphs":true,"m_FxEnabled":true},"in2DMode":false,"pivot":{"x":18.651832580566408,"y":-21.945777893066408,"z":-6.456233501434326},"rotation":{"x":-0.26838597655296328,"y":-0.0047645349986851219,"z":-0.002247456694021821,"w":-0.9629400372505188},"size":33.589359283447269,"orthographic":false}